id,symbol,maxSupply,priceUsd,volumeUsd24Hr,changePercent24Hr,vwap24Hr,timestamp
bitcoin,BTC,21000000.0,82927.52916336917,6787931376.162843,-1.8009940896074361,82979.25552039099,1743297089423
ethereum,ETH,0.0,1833.6959861014093,5548289274.7092,-3.7907520723792154,1846.8058948327428,1743297089423
tether,USDT,0.0,1.0032853596992852,21803680461.65792,0.175187192831505,1.0005749640165396,1743297089423
xrp,XRP,100000000000.0,2.1475096596149217,1638145769.1721287,-2.9692829302731782,2.123485054649936,1743297089423
binance-coin,BNB,144006830.0,605.27236425811,316941868.5504553,-2.6306758946870765,606.1983101043919,1743297089423
solana,SOL,0.0,125.20210893513566,1311190636.5569143,-3.604468882237792,125.96577877291318,1743297089423
usd-coin,USDC,0.0,1.0012784561547774,3938548447.2261662,0.100939497354222,1.0014767974539043,1743297089423
dogecoin,DOGE,0.0,0.1703741125665958,594437659.180178,-6.06862600745446,0.1722242722826475,1743297089423
cardano,ADA,45000000000.0,0.6745334421358229,327578924.85439855,-4.954127366025689,0.6776034453413297,1743297089423
tron,TRX,0.0,0.2302783259612055,284280223.96301085,-1.0282408493613735,0.2334863945424018,1743297089423
steth,STETH,0.0,1825.752863667699,6966864.279813101,-4.03842628894656,1856.6007047467117,1743297089423
wrapped-bitcoin,WBTC,0.0,82293.00008394162,113069494.87745865,-2.363385773569916,82858.57567879203,1743297089423
toncoin,TON,0.0,3.670128622638756,90060417.19794378,-3.8339416539194975,3.7189384458816233,1743297089423
chainlink,LINK,0.0,13.557666166014352,149729896.9923917,-5.1055243658124745,13.745718053196324,1743297089423
unus-sed-leo,LEO,0.0,9.592517627144282,5077252.470146463,-1.343885281440595,9.546136462148755,1743297089423
stellar,XLM,50001806812.0,0.2675161271012842,64409490.960268736,-2.9103961096761255,0.2676030983765726,1743297089423
avalanche,AVAX,715748719.0,19.68883789366965,131347962.36955962,-3.5448335168692977,19.939617694655535,1743297089423
shiba-inu,SHIB,589552695333683.0,1.27072729629e-05,86865024.13982321,-4.63866863341444,1.27713982102e-05,1743297089423
sui,SUI,10000000000.0,2.3090628518462326,603811213.5792202,-8.380111858009318,2.357228397357926,1743297089423
hedera-hashgraph,HBAR,50000000000.0,0.1727124461220426,129297238.45422427,-5.543462823116546,0.1726025041526711,1743297089423
litecoin,LTC,84000000.0,85.61918210119242,203624267.83483648,-2.357580805374779,85.94390786870935,1743297089423
polkadot,DOT,0.0,4.080725676701681,84990974.29550412,-4.691757297221193,4.115912367480848,1743297089423
weth,WETH,0.0,1820.3034927190072,458398419.59471,-4.510485099114457,0.0,1743297089423
mantra-dao,OM,888888888.0,6.2621374954955495,31935081.268587805,0.2400808515054984,6.187826864389828,1743297089423
bitcoin-cash,BCH,21000000.0,303.4525906130893,50523838.68709208,-1.5342009668764545,304.850549621333,1743297089423
bitget-token-new,BGB,0.0,4.6482447865146375,128223484.99426086,-4.072911163628737,0.0,1743297089423
pi,PI,100000000000.0,0.7981116800254935,94983084.91939208,-4.053573362150864,0.0,1743297089423
multi-collateral-dai,DAI,0.0,0.9998210050652018,76516309.83574586,0.0317284179221477,0.999378558561045,1743297089423
ethena-usde,USDE,0.0,0.9997036594883386,42153539.50577791,0.0325274575496051,0.0,1743297089423
hyperliquid,HYPE,1000000000.0,12.873500879743775,20604134.13641572,-4.614718057507005,12.853777554834458,1743297089423
monero,XMR,0.0,216.50434716151852,29365008.47897424,-0.2779796124097036,216.1808981338185,1743297089423
uniswap,UNI,0.0,5.997394508584185,61876197.048525125,-3.4168810101982325,6.0572853260288015,1743297089423
aptos,APT,0.0,5.223393202934701,49438667.37895875,-6.299126473365803,5.34913778345696,1743297089423
near-protocol,NEAR,0.0,2.5847890599700154,74241312.14129223,-5.57141819633397,2.6312731741156523,1743297089423
pepe,PEPE,420690000000000.0,7.2019165067e-06,324447816.0335299,-8.178375055183244,7.4251425768e-06,1743297089423
okb,OKB,0.0,48.193669590665166,2172852.5769088585,-2.030974933212208,48.22096277802032,1743297089423
crypto-com-coin,CRO,30263013692.0,0.1050054112391722,31308438.81772804,4.407271675063641,0.1014797713652044,1743297089423
mantle,MNT,6219316795.0,0.80243885417295,89062690.90208563,-3.878696371064016,0.812877100848315,1743297089423
first-digital-usd,FDUSD,0.0,0.9984440841840216,1580817680.8818197,-0.0794863613942713,0.998667843755949,1743297089423
internet-computer,ICP,0.0,5.355358167420772,30285562.28965387,-4.777911829324881,5.4028287789997185,1743297089423
aave,AAVE,0.0,168.93821087485847,132152343.37039001,-3.9756145765020623,173.31921299338887,1743297089423
ondo-finance,ONDO,0.0,0.8014353330087522,121732495.53279705,-5.438096251317057,0.802986251555848,1743297089423
ethereum-classic,ETC,210700000.0,16.63265775452665,24964659.994607814,-3.0426756135880773,16.79478605105006,1743297089423
polygon-ecosystem-token,POL,0.0,0.2029858218806858,41496019.78333586,-4.535668225778547,0.2036532869851435,1743297089423
official-trump,TRUMP,999999993.45,10.089690622382887,89731895.7149255,-3.3515954640505874,10.108030136450912,1743297089423
vechain,VET,86712634466.0,0.0229385489581322,23020385.90441527,-4.935783029477224,0.0231168750144423,1743297089423
bittensor,TAO,21000000.0,230.70494296112332,69873874.3706418,-5.472488288918324,229.9681160090976,1743297089423
ethena,ENA,0.0,0.3654066609858666,86603642.78837593,-5.8402562178233355,0.3755070902972269,1743297089423
gatetoken,GT,0.0,22.301363337143982,8402986.17092145,-2.653674354782696,22.46080518153678,1743297089423
celestia,TIA,0.0,3.2122818514582168,32496108.21636644,-6.508465078754236,3.273771767168606,1743297089423
render,RENDER,644168762.0,3.4803880512295664,44847856.33745009,-7.678750092370467,3.5969444001129776,1743297089423
filecoin,FIL,0.0,2.735973682964012,60914112.01474593,-3.5856788413242424,2.774611319132584,1743297089423
kaspa,KAS,28704026601.0,0.0642964576819243,45257356.04440505,-8.014852462378961,0.0649115868391312,1743297089423
cosmos,ATOM,0.0,4.232697784274436,54558054.134506576,-6.716694956653594,4.375891895877328,1743297089423
algorand,ALGO,10000000000.0,0.1843582935250483,44950777.34959612,-7.522938270177661,0.1877839629998194,1743297089423
arbitrum,ARB,0.0,0.3337681418140623,73495471.42484793,-4.089026656567444,0.3342787286153585,1743297089423
dexe,DEXE,0.0,17.523889466287823,12408498.797210282,-4.9109615521263805,18.0010427894502,1743297089423
fantom,S,3175000000.0,0.4898708196738049,94586902.37159176,-9.475287569623987,0.5009069681711168,1743297089423
story-protocol,IP,0.0,5.29543645381861,34551655.594959505,-3.2903236864656877,5.293664393258978,1743297089423
kucoin-token,KCS,200000000.0,11.071500301766656,641288.7701626321,-0.8619525572045404,11.074244645917547,1743297089423
jupiter,JUP,3000000000.0,0.4771304541329743,26160665.648498524,-4.431489448361488,0.471647679797115,1743297089423
optimism-ethereum,OP,0.0,0.7692184030064616,57286716.03179077,-7.96111694338625,0.7850005165233475,1743297089423
fetch,FET,2630547141.0,0.472712210363298,55509764.42245329,-7.216216619898908,0.4819306928483113,1743297089423
movement,MOVE,10000000000.0,0.448974683147663,77037706.20009713,-7.22043603089161,0.4732417511268104,1743297089423
maker,MKR,1000000.0,1293.693815483873,38646153.48055481,-11.114403583694857,1365.665191743982,1743297089423
xinfin-network,XDC,0.0,0.0681947718721061,8141779.505972645,-2.0651457844343613,0.0687431017553435,1743297089423
immutable-x,IMX,2000000000.0,0.552124363048831,10365674.7558606,-5.189069564354593,0.5607393093750623,1743297089423
wbnb,WBNB,0.0,607.697966198818,11373689.101141756,-2.8200482113556924,0.0,1743297089423
stacks,STX,1818000000.0,0.6265865247348464,19027774.49477397,-4.945153182347511,0.6265622914257434,1743297089423
worldcoin-org,WLD,0.0,0.7788064684079382,72832124.25389594,-7.730328906856132,0.7984820503301564,1743297089423
usual-usd,USD0,0.0,0.9976964985523024,22220725.70046323,-0.002284651077521,0.0,1743297089423
bonk1,BONK,0.0,1.13640330586e-05,53794434.802296765,-7.858075964310598,1.15118747924e-05,1743297089423
sei,SEI,0.0,0.1807302139807161,48755190.3846544,-6.0159833187340155,0.1817410755645439,1743297089423
the-graph,GRT,0.0,0.0893984898375097,10822210.61181171,-6.018116139362933,0.0911073638691793,1743297089423
injective-protocol,INJ,100000000.0,8.77383560231317,46150998.90039462,-4.9565324226529555,8.873629055578359,1743297089423
eos,EOS,2100000000.0,0.5474245526509444,59410841.55956086,-3.7220613813275816,0.5606892622302188,1743297089423
quant,QNT,14881364.0,69.6411676697711,10711992.158463636,-2.717335748385156,69.28114016879941,1743297089423
theta,THETA,1000000000.0,0.8360399723196338,9499187.305290477,-6.193998374036033,0.8496616412330231,1743297089423
binaryx-new,FORM,580000000.0,2.1740494005629776,4020821.143730174,-4.243700945416238,0.0,1743297089423
flare,FLR,0.0,0.0132326225574872,12040100.983844636,-3.6887098513259873,0.0133463487595621,1743297089423
paypal-usd,PYUSD,0.0,0.9983127064537924,8947105.451813435,-0.1815774802922565,0.9984617540967416,1743297089423
berachain,BERA,0.0,7.397914870883448,147650655.9995573,-16.425616812987172,8.015196342727146,1743297089423
lido-dao,LDO,0.0,0.8781661326532031,39861790.59051279,-6.443070896768138,0.9024296962588342,1743297089423
tether-gold,XAUT,0.0,3113.811825636049,6521254.651175963,0.240516074570105,3111.97268421377,1743297089423
nexo,NEXO,0.0,1.0783566610107231,3354281.4765150426,-3.6690439802786017,1.0872846051811889,1743297089423
jito,JTO,0.0,2.2062600120166955,13501738.882553378,-1.05725926064315,2.16381071840535,1743297089423
gala,GALA,50000000000.0,0.0154519859083297,38670584.455143996,-7.244844529664358,0.0155755438700855,1743297089423
tezos,XTZ,0.0,0.6498973145992833,9784674.578189235,-4.083726145111177,0.6629573109917954,1743297089423
the-sandbox,SAND,0.0,0.27001769406763,15437541.000324192,-3.694955399782808,0.2719935528067818,1743297089423
bittorrent,BTTOLD,0.0,6.726925356e-07,1119582.5506941897,-1.1446210686205829,6.785067114e-07,1743297089423
pax-gold,PAXG,0.0,3120.391715511204,47179474.36029996,0.8938231713416683,3106.213260630469,1743297089423
iota,IOTA,0.0,0.1744014464748732,11074007.925057473,-5.04205547579715,0.1749882961790816,1743297089423
curve-dao-token,CRV,3030303030.299,0.4917164978778142,44371785.7632005,-4.328137202239909,0.4883480961803173,1743297089423
bitcoin-sv,BSV,0.0,31.169923772004463,8035242.495236797,-5.36077167890005,32.11343468342404,1743297089423
kaia,KAIA,0.0,0.1025970098339907,5963499.473332029,-3.5021706427026627,0.1034965879236058,1743297089423
pancakeswap,CAKE,450000000.0,2.0004668947167827,60670783.59475005,-6.464626824762689,2.008554710448774,1743297089423
flow,FLOW,0.0,0.3778741654980206,7847665.196937482,-4.156553228174255,0.3832745655695799,1743297089423
zcash,ZEC,21000000.0,36.46182859254305,10442760.873994874,-1.744098459040662,36.03383640891963,1743297089423
helium,HNT,223000000.0,3.1822198336760454,3766781.3204107294,1.83149482302352,3.1281213582511125,1743297089423
ethereum-name-service,ENS,100000000.0,15.880922078180996,32715960.220852304,-5.272966071964917,16.160956638369154,1743297089423
